en.csv,es.csv,fr.csv,in.csv,it.csv,nl.csv,pt.csv,tl.csv
37.12045541024315,39.83848664150456,39.41569524251922,40.32666862089031,39.18750774448508,38.47973177462217,40.25319171951323,39.83576361281522
37.41561373582291,34.84586345452653,37.70165019044089,37.653333137094776,37.04910150327746,38.23976325206807,35.76965074546428,40.42913454202106
38.729856722885046,37.901749395597164,36.197688519223426,43.60678943372844,37.9166590198137,39.68217497573406,38.13817315910913,43.84674664965034
39.31858836842708,41.247667186035336,42.044969429550065,36.05611958341952,41.00499442822788,39.28477857463505,40.628346828972184,37.05832842277727
37.49174935266087,37.451210135395854,37.88127478845046,40.16289908897899,36.25280371677706,38.63959378453235,37.75082724134382,39.62359885917426
38.000959075271496,39.50632997086178,39.048921459722386,39.93754263847623,39.18497121070282,36.29137054641881,39.617148113708915,40.80585934250957
37.76541033526684,35.26806364319502,37.11492193370405,38.743749943776024,36.61081895652633,38.67715754907912,35.41737762740002,41.46708024469988
42.204157591231,44.39942945847801,46.26870938887146,40.28605525438554,43.637342079105956,43.648273549476755,44.22846785051769,38.944093452001894
