en.csv,es.csv,fr.csv,in.csv,it.csv,nl.csv,pt.csv,tl.csv
17.724467632988453,25.479376114486236,23.155725512616964,23.863433012956015,25.414703008911506,22.317263515244136,25.631341961019825,22.16906866947182
20.59187196874494,15.792758231396537,19.247003215121634,22.05154890594339,18.861362640129748,23.19048338077249,18.565012851317512,21.225123218872273
21.1205470548317,21.51712162283338,16.677813344944973,23.70861403341643,22.196510576554434,23.427630499636322,22.152307109055,23.4900453109193
24.090071199845806,26.65478056062359,26.08435760925974,17.380789971224278,26.290831676213376,24.539875537380638,27.324301317806174,20.711898940836612
21.900882701241926,19.352324044601076,21.3016843032641,22.321339389905344,16.059453760392845,24.314414833893107,19.787051805196004,21.39113182196011
22.689507467805058,26.332899875500914,24.146429435370134,24.000523706176534,26.679015154128646,17.273124657645454,26.996437512526146,24.81015669803522
21.78027616758613,18.936762667106883,20.922373049266568,23.159646557101457,19.544933963081785,24.28871839159159,15.877695849067647,21.886863568739642
23.29239051699969,26.14378296640389,26.884188333345037,21.02096587180765,25.462245511465404,25.039221195477786,26.49385424452825,17.15730931832692
