en.csv,es.csv,fr.csv,in.csv,it.csv,nl.csv,pt.csv,tl.csv
67.32673057189311,247.70178827714898,201.60394692579763,226.56825981263432,238.55549946754817,185.8038219474637,277.3883940611451,177.27336684053088
227.4486307949795,61.44473530925391,165.4331344899849,272.70957745836665,146.8584023561204,259.182261734579,135.33905713517976,243.90197164942182
179.76641688564914,176.23723345497356,59.575657850063365,267.7958171768888,194.38827819725793,203.84559830720738,221.8840986769628,257.6039112721557
330.4198590667912,332.9847370750077,352.1422247335348,85.88545149180776,336.0916304395657,330.7161191691628,383.40970831896794,228.0201133251053
243.46721366677295,162.84435515247796,207.74598306736604,276.44796669199843,63.23571034337628,291.6978524870479,203.25426980155987,250.60714693159687
204.90867948107578,261.8109752658006,230.61568651248896,274.635635888758,285.7077766233548,69.98781715023325,332.35981898807546,282.1387959959308
252.94314647229112,129.0504808006438,207.52536448478935,290.4465927476493,160.7793453459742,302.35318863199814,64.33088628346871,260.300703216262
255.10231355741024,304.95227117147743,324.5586980583216,193.12246163084487,268.5929677052946,290.4583473704393,315.55643910113116,74.74601503219856
