en.csv,es.csv,fr.csv,in.csv,it.csv,nl.csv,pt.csv,tl.csv
20.89777888632233,31.469960517593027,27.982360741779612,29.28984010709863,31.027015074388895,26.810962724517985,32.79860055453467,27.153290605216522
27.079229988986544,18.784247901149023,25.120350455485408,28.96503752501698,24.237031744980825,30.30843492879269,23.319751015511994,28.253441950454736
28.585711610041624,28.319004388241442,19.703017991397132,33.97346761236792,28.87498723831455,30.316440133432927,29.122319495959044,33.539101886443014
28.92485899826506,33.14784368094859,31.945386789112742,20.857583688690966,32.624990945823946,29.55112695594299,34.84510895282623,25.171219444389603
26.927060917489726,24.111036840234984,25.77647516432757,28.363824858646428,19.153514740500075,29.95425809310903,25.530354281850567,27.124207681555703
27.058749836777867,32.31061132515991,29.02561295749179,29.288144552724276,32.50841175980652,20.31571353309991,34.036013579397036,30.440643901344018
29.501319035901574,23.932835022180388,26.98681528191262,31.655018945859656,25.779085956187146,32.23805342436679,19.56372685528897,31.095086922259938
28.454305400294718,33.063345309054554,33.71283090031062,26.07228297420637,32.07674551690887,30.991691382799868,34.666478224527175,20.95704636929592
