en.csv,es.csv,fr.csv,in.csv,it.csv,nl.csv,pt.csv,tl.csv
8.815848641515238,14.73294467436147,13.745476185292846,13.700722810333097,14.580597144201114,13.02464821569604,14.41664940376442,12.092542232401625
13.874963009517229,8.45729570552929,12.539529288576002,14.491957566995978,11.842342056124558,15.12945240899699,10.746429879843637,13.565382210864357
12.530607905298142,12.74690151813917,8.4439706021811,14.282556490201504,13.05107252141165,13.217302660626483,13.212459892028267,13.528850840478007
17.49910356478875,16.70921910047898,17.693469802855077,9.683004854714744,16.91803015068867,17.35294508584065,16.984261431237197,13.811720632877677
14.80400561148567,12.25887915114747,13.824322324461683,14.59494453504145,8.418996927007901,16.373165657442055,12.571588009243673,13.938483548511533
13.960899592023482,15.749206065007384,14.97051220360807,15.30478917474522,16.7962732179238,9.052996380862021,16.80728786781554,14.994387929693273
14.888521143855588,11.309525700431452,14.351052837398164,14.953470027119446,12.307065602718685,16.33025327931205,7.946140486251109,13.996118734731917
15.258254049959021,15.737283046255202,16.484132572299,12.583560443474498,14.681735804726546,15.55164840722137,14.574840603399995,8.438491984643608
