en.csv,es.csv,fr.csv,in.csv,it.csv,nl.csv,pt.csv,tl.csv
27.9678724046611,73.51871491956948,60.02915059755974,65.33359169516346,72.05909057044394,55.63632202386159,82.62787252319247,56.59031086086712
55.67061027632714,25.673340752453374,46.86424834085088,64.44308569772521,47.03109410641275,67.86405754985869,46.68804886985982,62.94366069676262
54.9211129253036,58.992192848043956,25.84353621668378,73.13156282046639,60.13587398790726,64.845252801763,68.20847605039518,72.40939250704601
79.12608080440974,91.74064568211044,87.40407684996202,32.35581428278691,94.87393145545866,80.16998277037999,105.25593859206833,60.655876609831374
60.28446399122447,49.1464675758921,55.1651841770884,68.51715025243617,26.363161809804065,73.95638729449335,58.25648112380978,64.55519300879683
62.47753212677473,85.28256463451491,71.3066320497349,74.50332010243643,89.53286717503852,28.990113840526575,100.47864694055829,79.75477220210229
62.53166275497299,45.36017061889771,56.722189817628696,70.49644330596976,51.01465027995347,75.35194497571776,27.099176895202476,68.89999264233835
71.73745289072322,89.70659985569041,90.09259290829664,58.876245116879595,82.85766564450613,78.83384396182724,95.56909793605709,30.784425660688385
