en.csv,es.csv,fr.csv,in.csv,it.csv,nl.csv,pt.csv,tl.csv
4.397238437802025,7.8606620094658135,7.681839867126645,7.44575020835521,7.36734611395207,7.485804696678037,7.305019360320808,6.50406850311171
9.36345731574742,4.627229102321783,8.374668771260453,9.531665978651963,7.835745099094202,8.763931596565335,6.765076074722807,8.65682634159832
8.16845475061467,7.641715086027003,4.399359166435521,8.606522864584935,7.751696967935235,7.874209576391437,7.947284004750019,8.20243772618615
9.285308697311784,8.800855597700734,9.16286426264077,4.954690967796093,8.68235249736311,9.252592224800601,8.45398429099365,8.634713002117287
8.694342333913886,7.74243186546593,8.625255125569357,9.11313050173637,4.510850703222021,8.775902663000743,7.637442814072934,8.460743556437906
7.969773745160021,7.694921862348005,7.904729417209263,8.551228528200818,7.705655608876855,4.505259899806022,7.756327343924996,8.165354735912816
8.780353430891983,6.756063657225908,8.595698937265517,9.037032493668791,7.602203164032776,8.80873522590675,4.256248979399643,8.143536972240007
7.882867352925236,7.736567468178946,7.780779524615655,7.71882735833023,7.356612228457066,8.095629908057996,7.153405451739069,4.219908872310952
