,N_MODEL,HIDDEN_SIZE,N_LAYERS,DIRECTIONS,RECALL,PERCISION,F1,RECALL_WO_O,PERCISION_WO_O,F1_WO_O
Model1,Model1,500,1,1,0.8075069743849861,0.7610994723123451,0.7468539927894077,0.1357733175914994,0.6568899316677855,0.21309206828981786
Model2,Model2,500,2,1,0.8115647983768705,0.7340171930165521,0.7550588972466843,0.16883116883116883,0.5010293924732427,0.24818543019679182
Model3,Model3,500,3,1,0.7917829064164342,0.7308686340195731,0.7355624489725842,0.1345926800472255,0.45652109177155564,0.1750673779089794
Model4,Model4,500,1,2,0.8447882323104235,0.8026708502340941,0.8082032990046439,0.3105076741440378,0.6378701529746948,0.4061671675943134
Model5,Model5,500,2,2,0.8001521683996957,0.8252026568672536,0.8102989575360516,0.4923258559622196,0.6684004911608233,0.5613827088965235
Model6,Model6,500,3,2,0.870910474258179,0.8578186654558773,0.8542766091528735,0.4757969303423849,0.7828147218353846,0.5732684127805286
Model7,Model7,800,1,2,0.8435201623129597,0.8275941634084084,0.8090517899213353,0.30578512396694213,0.8107480841483995,0.4293021252216002
Model8,Model8,800,2,2,0.8830839462338321,0.8745012071918503,0.8701607459030841,0.5324675324675324,0.829517616197687,0.6331530053741059
Model9,Model9,800,3,2,0.8222165863555668,0.8706831927370307,0.839656309863507,0.6044864226682408,0.7592115768965726,0.661135834697502
